Workbook

Sheet README
A1: BF6 Update 1.3.3.0 — Weapon Change Analysis
A2: Current = Season 3 live data (data/weapons.json). New = Update 1.3.3.0 patch notes.
A5: Source | B5: EA patch notes 1.3.3.0 (ea.com/.../battlefield-6-game-update-1-3-3-0) + project weapon data, pulled 2026-06-26.
A7: Sheet | B7: Contents
A8: Muzzle Velocity | B8: Per-weapon current vs new bulletVel (m/s). Weapons NOT listed in the patch = no change (Current=New).
A9: Dmg Output, Recoil Var & SIPS | B9: ALL weapons ranked by damage output (DPS) high->low. Fire Mode column flags full-auto vs others.
B10: Includes recoil variation current vs new (1.3.3.0; not listed = no change), current SIPS (Spread
B11: Increase Per Shot), and a per-rank dispersion forecast (no per-weapon dispersion numbers were published).
A12: Full Auto — Recoil Var & SIPS | B12: Same view but AUTOMATIC weapons only (full-auto + M16A4 burst; dispersion changes are believed to
B13: target these). Color scales and the dispersion forecast are recomputed over the reduced set.
A14: Recoil S2 vs S3 | B14: Recoil amount + variation: Season 2 archive vs Season 3 live, to see who changed most between seasons.
A16: Patch dispersion rule | B16: "Spread Increase Per Shot" (SIPS) growth +14% on average; up to +22% on HIGHEST-damage weapons,
B17: down to -48% (reduction) on LOWEST-damage weapons. No weapon-level table was published.
A18: Hypothesis | B18: In 1.3.1.0 recoil VARIATION was raised on high-DPS autos. 1.3.3.0 rolls that back, so those guns are the
B19: prime candidates to instead receive the largest SIPS/dispersion INCREASES. See "Recoil S2 vs S3" + ranking.
A21: Limb multipliers | B21: Not in this workbook (not a numeric per-weapon table). Auto limbs/stomach 1.0->0.84; DMR ->0.91;
B22: Sniper chest-armor 0.8->0.67, stomach/limbs 0.8->0.67. Headshot autos 1.34/1.5/1.75 -> 1.4/1.57/1.8.
A23: Caveat | B23: PP-19 appears in the patch notes but is not in the current weapon dataset (flagged on each sheet).

Sheet Muzzle Velocity
A1: Muzzle Velocity — Update 1.3.3.0
A2: Weapons not listed in patch notes are unchanged (New = Current).
A4: Weapon | B4: Class | C4: Current (S3) m/s | D4: New 1.3.3.0 m/s | E4: Change m/s | F4: Change % | G4: In patch?
A5: AK4D | B5: Assault Rifle | C5: 720 | D5: 680 | E5: -40 | F5: -0.055555556 | G5: Yes
A6: B36A4 | B6: Assault Rifle | C6: 780 | D6: 740 | E6: -40 | F6: -0.051282051 | G6: Yes
A7: KORD 6P67 | B7: Assault Rifle | C7: 760 | D7: 724 | E7: -36 | F7: -0.047368421 | G7: Yes
A8: L85A3 | B8: Assault Rifle | C8: 814 | D8: 778 | E8: -36 | F8: -0.044226044 | G8: Yes
A9: M16A4 | B9: Assault Rifle | C9: 720 | D9: 680 | E9: -40 | F9: -0.055555556 | G9: Yes
A10: M433 | B10: Assault Rifle | C10: 670 | D10: 630 | E10: -40 | F10: -0.059701493 | G10: Yes
A11: NVO-228E | B11: Assault Rifle | C11: 671 | D11: 626 | E11: -45 | F11: -0.067064083 | G11: Yes
A12: SOR-556 MK2 | B12: Assault Rifle | C12: 800 | D12: 768 | E12: -32 | F12: -0.04 | G12: Yes
A13: TR7 | B13: Assault Rifle | C13: 648 | D13: 604 | E13: -44 | F13: -0.067901235 | G13: Yes
A14: VCR-2 | B14: Assault Rifle | C14: 704 | D14: 660 | E14: -44 | F14: -0.0625 | G14: Yes
A15: AK-205 | B15: Carbine | C15: 737 | D15: 708 | E15: -29 | F15: -0.039348711 | G15: Yes
A16: GRT-BC | B16: Carbine | C16: 599 | D16: 563 | E16: -36 | F16: -0.060100167 | G16: Yes
... A59: PP-19 | B59: (not in dataset) | C59: 468 | D59: 444 | E59: -24 | F59: -0.051282051 | G59: patch only

Sheet Dmg Output, Recoil Var & SIPS
A1: Damage Output Ranking · Recoil Variation (1.3.3.0) · Dispersion (SIPS) Forecast
A2: Ranked by damage output (DPS) high→low. Recoil-var New = 1.3.3.0 patch (else no change). SIPS = current Spread Increase Per Shot. Patch: SIPS +14% avg, up to +22% highest-damage, down to -48% lowest — no per-weapon table published, so forecast is by rank. Fire Mode column flags full-auto vs others.
A4: Rank | B4: Weapon | C4: Class | D4: Fire Mode | E4: RPM | F4: Max Dmg | G4: Damage Output (DPS) | H4: Recoil Var Cur ° | I4: Recoil Var New ° | J4: Var Δ ° | K4: Var Δ % | L4: SIPS ADS (cur) | M4: SIPS Hip (cur) | N4: Dispersion forecast
A5: 1 | B5: KV9 | C5: SMG | D5: Full auto | E5: 1080 | F5: 25 | G5: 450 | H5: 57.6 | I5: 50 | J5: -7.6 | K5: -0.13194444 | L5: 0.21 | M5: 0.41 | N5: Increase (largest, ~+22% end)
A6: 2 | B6: SCW-10 | C6: SMG | D6: Full auto | E6: 800 | F6: 33.34 | G6: 444.5 | H6: 35 | I6: 33.5 | J6: -1.5 | K6: -0.042857143 | L6: 0.27 | M6: 0.552 | N6: Increase (largest, ~+22% end)
A7: 3 | B7: CZ3A1 | C7: SMG | D7: Full auto | E7: 981 | F7: 25 | G7: 408.8 | H7: 59.1 | I7: 50.8 | J7: -8.3 | K7: -0.14043993 | L7: 0.21 | M7: 0.41 | N7: Increase (largest, ~+22% end)
A8: 4 | B8: TR7 | C8: Assault Rifle | D8: Full auto | E8: 720 | F8: 33.34 | G8: 400.1 | H8: 47.1 | I8: 40.8 | J8: -6.3 | K8: -0.13375796 | L8: 0.392 | M8: 0.706 | N8: Increase (largest, ~+22% end)
A9: 5 | B9: SG 553R | C9: Carbine | D9: Full auto | E9: 720 | F9: 33.34 | G9: 400.1 | H9: 43.3 | I9: 35.8 | J9: -7.5 | K9: -0.17321016 | L9: 0.27 | M9: 0.552 | N9: Increase (largest, ~+22% end)
A10: 6 | B10: VCR-2 | C10: Assault Rifle | D10: Full auto | E10: 900 | F10: 25 | G10: 375 | H10: 64.9 | I10: 50.3 | J10: -14.6 | K10: -0.22496148 | L10: 0.27 | M10: 0.486 | N10: Increase (largest, ~+22% end)
A11: 7 | B11: M4A1 | C11: Carbine | D11: Full auto | E11: 900 | F11: 25 | G11: 375 | H11: 37.9 | I11: 30.7 | J11: -7.2 | K11: -0.18997361 | L11: 0.228 | M11: 0.41 | N11: Increase (largest, ~+22% end)
A12: 8 | B12: NVO-228E | C12: Assault Rifle | D12: Full auto | E12: 654 | F12: 33.34 | G12: 363.4 | H12: 36.8 | I12: 28.9 | J12: -7.9 | K12: -0.21467391 | L12: 0.307 | M12: 0.552 | N12: Increase (largest, ~+22% end)
A13: 9 | B13: M417 A2 | C13: Carbine | D13: Full auto | E13: 654 | F13: 33.34 | G13: 363.4 | H13: 19.8 | I13: 15.4 | J13: -4.4 | K13: -0.22222222 | L13: 0.307 | M13: 0.552 | N13: Increase (largest, ~+22% end)
A14: 10 | B14: M121 A2 | C14: LMG | D14: Full auto | E14: 654 | F14: 33.34 | G14: 363.4 | H14: 39.5 | I14: 31.8 | J14: -7.7 | K14: -0.19493671 | L14: 0.392 | M14: 0.706 | N14: Increase (largest, ~+22% end)
A15: 11 | B15: M433 | C15: Assault Rifle | D15: Full auto | E15: 830 | F15: 25 | G15: 345.8 | H15: 50.9 | I15: 41.4 | J15: -9.5 | K15: -0.18664047 | L15: 0.27 | M15: 0.486 | N15: Increase (largest, ~+22% end)
A16: 12 | B16: GRT-BC | C16: Carbine | D16: Full auto | E16: 830 | F16: 25 | G16: 345.8 | H16: 31.2 | I16: 26.1 | J16: -5.1 | K16: -0.16346154 | L16: 0.228 | M16: 0.41 | N16: Increase (largest, ~+22% end)
... A58: 54 | B58: SV-98 | C58: Sniper Rifle | D58: Bolt | E58: 37 | F58: 80 | G58: 49.3 | H58: 10 | I58: 10 | J58: 0 | K58: 0 | L58: 0 | M58: 0.706 | N58: Reduction likely (down to ~-48%)

Sheet Full Auto — Recoil Var & SIPS
A1: AUTOMATIC WEAPONS — Damage Output · Recoil Variation (1.3.3.0) · Dispersion (SIPS) Forecast
A2: Same as the combined tab but limited to automatic weapons (fireMode=auto, plus M16A4 burst). Color scales and the dispersion forecast are recomputed over this reduced set. Excludes DMRs (semi), snipers (bolt), shotguns, and semi-auto sidearms.
A4: Rank | B4: Weapon | C4: Class | D4: Fire Mode | E4: RPM | F4: Max Dmg | G4: Damage Output (DPS) | H4: S2 Var ° | I4: Recoil Var Cur ° | J4: Recoil Var New ° | K4: S2 vs S3 | M4: Var Δ ° | N4: Var Δ % | O4: SIPS ADS (cur) | P4: SIPS Hip (cur) | Q4: Dispersion forecast
A5: 1 | B5: KV9 | C5: SMG | D5: Full auto | E5: 1080 | F5: 25 | G5: 450 | H5: 53.8 | I5: 57.6 | J5: 50 | K5: =I5-H5 -> 3.8 | L5: =J5-H5 -> -3.8 | M5: -7.6 | N5: -0.13194444 | O5: 0.21 | P5: 0.41 | Q5: Increase (largest, ~+22% end)
A6: 2 | B6: SCW-10 | C6: SMG | D6: Full auto | E6: 800 | F6: 33.34 | G6: 444.5 | H6: 28.6 | I6: 35 | J6: 33.5 | K6: =I6-H6 -> 6.4 | L6: =J6-H6 -> 4.9 | M6: -1.5 | N6: -0.042857143 | O6: 0.27 | P6: 0.552 | Q6: Increase (largest, ~+22% end)
A7: 3 | B7: CZ3A1 | C7: SMG | D7: Full auto | E7: 981 | F7: 25 | G7: 408.8 | H7: 52.6 | I7: 59.1 | J7: 50.8 | K7: =I7-H7 -> 6.5 | L7: =J7-H7 -> -1.8 | M7: -8.3 | N7: -0.14043993 | O7: 0.21 | P7: 0.41 | Q7: Increase (largest, ~+22% end)
A8: 4 | B8: TR7 | C8: Assault Rifle | D8: Full auto | E8: 720 | F8: 33.34 | G8: 400.1 | H8: 47.1 | I8: 47.1 | J8: 40.8 | K8: =I8-H8 -> 0 | L8: =J8-H8 -> -6.3 | M8: -6.3 | N8: -0.13375796 | O8: 0.392 | P8: 0.706 | Q8: Increase (largest, ~+22% end)
A9: 5 | B9: SG 553R | C9: Carbine | D9: Full auto | E9: 720 | F9: 33.34 | G9: 400.1 | H9: 33.8 | I9: 43.3 | J9: 35.8 | K9: =I9-H9 -> 9.5 | L9: =J9-H9 -> 2 | M9: -7.5 | N9: -0.17321016 | O9: 0.27 | P9: 0.552 | Q9: Increase (largest, ~+22% end)
A10: 6 | B10: VCR-2 | C10: Assault Rifle | D10: Full auto | E10: 900 | F10: 25 | G10: 375 | H10: 49.1 | I10: 64.9 | J10: 50.3 | K10: =I10-H10 -> 15.8 | L10: =J10-H10 -> 1.2 | M10: -14.6 | N10: -0.22496148 | O10: 0.27 | P10: 0.486 | Q10: Increase (largest, ~+22% end)
A11: 7 | B11: M4A1 | C11: Carbine | D11: Full auto | E11: 900 | F11: 25 | G11: 375 | H11: 31.9 | I11: 37.9 | J11: 30.7 | K11: =I11-H11 -> 6 | L11: =J11-H11 -> -1.2 | M11: -7.2 | N11: -0.18997361 | O11: 0.228 | P11: 0.41 | Q11: Increase (largest, ~+22% end)
A12: 8 | B12: NVO-228E | C12: Assault Rifle | D12: Full auto | E12: 654 | F12: 33.34 | G12: 363.4 | H12: 35.3 | I12: 36.8 | J12: 28.9 | K12: =I12-H12 -> 1.5 | L12: =J12-H12 -> -6.4 | M12: -7.9 | N12: -0.21467391 | O12: 0.307 | P12: 0.552 | Q12: Increase (largest, ~+22% end)
A13: 9 | B13: M417 A2 | C13: Carbine | D13: Full auto | E13: 654 | F13: 33.34 | G13: 363.4 | H13: 19 | I13: 19.8 | J13: 15.4 | K13: =I13-H13 -> 0.8 | L13: =J13-H13 -> -3.6 | M13: -4.4 | N13: -0.22222222 | O13: 0.307 | P13: 0.552 | Q13: Increase (largest, ~+22% end)
A14: 10 | B14: M121 A2 | C14: LMG | D14: Full auto | E14: 654 | F14: 33.34 | G14: 363.4 | H14: 38.6 | I14: 39.5 | J14: 31.8 | K14: =I14-H14 -> 0.9 | L14: =J14-H14 -> -6.8 | M14: -7.7 | N14: -0.19493671 | O14: 0.392 | P14: 0.706 | Q14: Increase (largest, ~+22% end)
A15: 11 | B15: M433 | C15: Assault Rifle | D15: Full auto | E15: 830 | F15: 25 | G15: 345.8 | H15: 45.1 | I15: 50.9 | J15: 41.4 | K15: =I15-H15 -> 5.8 | L15: =J15-H15 -> -3.7 | M15: -9.5 | N15: -0.18664047 | O15: 0.27 | P15: 0.486 | Q15: Increase (largest, ~+22% end)
A16: 12 | B16: GRT-BC | C16: Carbine | D16: Full auto | E16: 830 | F16: 25 | G16: 345.8 | H16: 27.9 | I16: 31.2 | J16: 26.1 | K16: =I16-H16 -> 3.3 | L16: =J16-H16 -> -1.8 | M16: -5.1 | N16: -0.16346154 | O16: 0.228 | P16: 0.41 | Q16: Increase (largest, ~+22% end)
... A20: 16 | B20: M240L | C20: LMG | D20: Full auto | E20: 600 | F20: 33.34 | G20: 333.4 | H20: 40.5 | I20: 41.8 | J20: 34.5 | K20: =I20-H20 -> 1.3 | L20: =J20-H20 -> -6 | M20: -7.3 | N20: -0.17464115 | O20: 0.392 | P20: 0.706 | Q20: Increase (~avg +14%)
A21: 17 | B21: M16A4 | C21: Assault Rifle | D21: Burst | E21: 771 | F21: 25 | G21: 321.2 | I21: 46.4 | J21: 37.5 | M21: -8.9 | N21: -0.19181034 | O21: 0.27 | P21: 0.486 | Q21: Increase (~avg +14%)
A22: 18 | B22: QBZ-192 | C22: Carbine | D22: Full auto | E22: 771 | F22: 25 | G22: 321.2 | H22: 22.5 | I22: 23.5 | J22: 19.9 | K22: =I22-H22 -> 1 | L22: =J22-H22 -> -2.6 | M22: -3.6 | N22: -0.15319149 | O22: 0.228 | P22: 0.41 | Q22: Increase (~avg +14%)
A23: 19 | B23: PW5A3 | C23: SMG | D23: Full auto | E23: 771 | F23: 25 | G23: 321.2 | H23: 31.4 | I23: 33.2 | J23: 28.3 | K23: =I23-H23 -> 1.8 | L23: =J23-H23 -> -3.1 | M23: -4.9 | N23: -0.14759036 | O23: 0.21 | P23: 0.41 | Q23: Increase (~avg +14%)
A24: 20 | B24: DRS-IAR | C24: LMG | D24: Full auto | E24: 771 | F24: 25 | G24: 321.2 | H24: 33.8 | I24: 35.2 | J24: 29.3 | K24: =I24-H24 -> 1.4 | L24: =J24-H24 -> -4.5 | M24: -5.9 | N24: -0.16761364 | O24: 0.27 | P24: 0.486 | Q24: Increase (~avg +14%)
A25: 21 | B25: RPKM | C25: LMG | D25: Full auto | E25: 553 | F25: 33.34 | G25: 307.3 | H25: 22.7 | I25: 22.7 | J25: 17.5 | K25: =I25-H25 -> 0 | L25: =J25-H25 -> -5.2 | M25: -5.2 | N25: -0.22907489 | O25: 0.307 | P25: 0.552 | Q25: Increase (~avg +14%)
A26: 22 | B26: B36A4 | C26: Assault Rifle | D26: Full auto | E26: 720 | F26: 25 | G26: 300 | H26: 37.4 | I26: 37.4 | J26: 28 | K26: =I26-H26 -> 0 | L26: =J26-H26 -> -9.4 | M26: -9.4 | N26: -0.2513369 | O26: 0.27 | P26: 0.486 | Q26: Increase (~avg +14%)
A27: 23 | B27: KORD 6P67 | C27: Assault Rifle | D27: Full auto | E27: 900 | F27: 20 | G27: 300 | H27: 35.9 | I27: 35.3 | J27: 28.9 | K27: =I27-H27 -> -0.6 | L27: =J27-H27 -> -7 | M27: -6.4 | N27: -0.18130312 | O27: 0.21 | P27: 0.378 | Q27: Increase (~avg +14%)
A28: 24 | B28: M277 | C28: Carbine | D28: Full auto | E28: 720 | F28: 25 | G28: 300 | H28: 39.4 | I28: 39.4 | J28: 34.4 | K28: =I28-H28 -> 0 | L28: =J28-H28 -> -5 | M28: -5 | N28: -0.12690355 | O28: 0.307 | P28: 0.486 | Q28: Increase (~avg +14%)
A29: 25 | B29: USG-90 | C29: SMG | D29: Full auto | E29: 900 | F29: 20 | G29: 300 | H29: 42.8 | I29: 42.8 | J29: 35.5 | K29: =I29-H29 -> 0 | L29: =J29-H29 -> -7.3 | M29: -7.3 | N29: -0.17056075 | O29: 0.179 | P29: 0.323 | Q29: Increase (~avg +14%)
A30: 26 | B30: L110 | C30: LMG | D30: Full auto | E30: 720 | F30: 25 | G30: 300 | H30: 39.4 | I30: 39.4 | J30: 31 | K30: =I30-H30 -> 0 | L30: =J30-H30 -> -8.4 | M30: -8.4 | N30: -0.21319797 | O30: 0.27 | P30: 0.486 | Q30: Reduction likely (down to ~-48%)
A31: 27 | B31: AK4D | C31: Assault Rifle | D31: Full auto | E31: 514 | F31: 33.34 | G31: 285.6 | H31: 25.4 | I31: 25.4 | J31: 20 | K31: =I31-H31 -> 0 | L31: =J31-H31 -> -5.4 | M31: -5.4 | N31: -0.21259843 | O31: 0.392 | P31: 0.706 | Q31: Reduction likely (down to ~-48%)
A32: 28 | B32: M/60 | C32: LMG | D32: Full auto | E32: 514 | F32: 33.34 | G32: 285.6 | H32: 38.8 | I32: 38.8 | J32: 29.9 | K32: =I32-H32 -> 0 | L32: =J32-H32 -> -8.9 | M32: -8.9 | N32: -0.22938144 | O32: 0.392 | P32: 0.706 | Q32: Reduction likely (down to ~-48%)
A33: 29 | B33: SL9 | C33: SMG | D33: Full auto | E33: 675 | F33: 25 | G33: 281.2 | H33: 16.2 | I33: 16.2 | J33: 13 | K33: =I33-H33 -> 0 | L33: =J33-H33 -> -3.2 | M33: -3.2 | N33: -0.19753086 | O33: 0.21 | P33: 0.41 | Q33: Reduction likely (down to ~-48%)
... A41: 37 | B41: VZ. 61 | C41: Sidearm | D41: Full auto | E41: 818 | F41: 16.67 | G41: 227.3 | H41: 10.9 | I41: 20.8 | J41: 18.4 | K41: =I41-H41 -> 9.9 | L41: =J41-H41 -> 7.5 | M41: -2.4 | N41: -0.11538462 | O41: 0.151 | P41: 0.272 | Q41: Reduction likely (down to ~-48%)
A42: 38 | B42: KTS100 MK8 | C42: LMG | D42: Full auto | E42: 514 | F42: 25 | G42: 214.2 | I42: 10.9 | J42: 9.5 | K42: =I42-H42 -> 10.9 | L42: =J42-H42 -> 9.5 | M42: -1.4 | N42: -0.12844037 | O42: 0.27 | P42: 0.486 | Q42: Reduction likely (down to ~-48%)

Sheet Sheet1
A4: Weapon | B4: S2 Var ° | C4: Rank
A5: KV9 | B5: 53.8 | C5: =_xlfn.XLOOKUP(A5,'Full Auto — Recoil Var & SIPS'!$B$4:$B$42,'Full Auto — Recoil Var & SIPS'!$A$4:$A$42,0,0) -> 1
A6: SCW-10 | B6: 28.6 | C6: =_xlfn.XLOOKUP(A6,'Full Auto — Recoil Var & SIPS'!$B$4:$B$42,'Full Auto — Recoil Var & SIPS'!$A$4:$A$42,0,0) -> 2
A7: CZ3A1 | B7: 52.6 | C7: =_xlfn.XLOOKUP(A7,'Full Auto — Recoil Var & SIPS'!$B$4:$B$42,'Full Auto — Recoil Var & SIPS'!$A$4:$A$42,0,0) -> 3
A8: TR7 | B8: 47.1 | C8: =_xlfn.XLOOKUP(A8,'Full Auto — Recoil Var & SIPS'!$B$4:$B$42,'Full Auto — Recoil Var & SIPS'!$A$4:$A$42,0,0) -> 4
A9: SG 553R | B9: 33.8 | C9: =_xlfn.XLOOKUP(A9,'Full Auto — Recoil Var & SIPS'!$B$4:$B$42,'Full Auto — Recoil Var & SIPS'!$A$4:$A$42,0,0) -> 5
A10: VCR-2 | B10: 49.1 | C10: =_xlfn.XLOOKUP(A10,'Full Auto — Recoil Var & SIPS'!$B$4:$B$42,'Full Auto — Recoil Var & SIPS'!$A$4:$A$42,0,0) -> 6
A11: M4A1 | B11: 31.9 | C11: =_xlfn.XLOOKUP(A11,'Full Auto — Recoil Var & SIPS'!$B$4:$B$42,'Full Auto — Recoil Var & SIPS'!$A$4:$A$42,0,0) -> 7
A12: NVO-228E | B12: 35.3 | C12: =_xlfn.XLOOKUP(A12,'Full Auto — Recoil Var & SIPS'!$B$4:$B$42,'Full Auto — Recoil Var & SIPS'!$A$4:$A$42,0,0) -> 8
A13: M417 A2 | B13: 19 | C13: =_xlfn.XLOOKUP(A13,'Full Auto — Recoil Var & SIPS'!$B$4:$B$42,'Full Auto — Recoil Var & SIPS'!$A$4:$A$42,0,0) -> 9
A14: M121 A2 | B14: 38.6 | C14: =_xlfn.XLOOKUP(A14,'Full Auto — Recoil Var & SIPS'!$B$4:$B$42,'Full Auto — Recoil Var & SIPS'!$A$4:$A$42,0,0) -> 10
A15: M433 | B15: 45.1 | C15: =_xlfn.XLOOKUP(A15,'Full Auto — Recoil Var & SIPS'!$B$4:$B$42,'Full Auto — Recoil Var & SIPS'!$A$4:$A$42,0,0) -> 11
A16: GRT-BC | B16: 27.9 | C16: =_xlfn.XLOOKUP(A16,'Full Auto — Recoil Var & SIPS'!$B$4:$B$42,'Full Auto — Recoil Var & SIPS'!$A$4:$A$42,0,0) -> 12
... A40: KTS100 MK8 | B40: 10.9 | C40: =_xlfn.XLOOKUP(A40,'Full Auto — Recoil Var & SIPS'!$B$4:$B$42,'Full Auto — Recoil Var & SIPS'!$A$4:$A$42,0,0) -> 38

Sheet Recoil S2 vs S3
A1: Recoil: Season 2 archive vs Season 3 live
A2: Largest movers between seasons. Flagged weapons had recoil variation raised for high-DPS autos in Update 1.3.1.0.
A4: Weapon | B4: Class | C4: S2 Amount | D4: S3 Amount | E4: Δ Amt | F4: Δ Amt % | G4: S2 Var ° | H4: S3 Var ° | I4: Δ Var ° | J4: Δ Var % | K4: High-DPS recoil buff (1.3.1.0)
A5: VCR-2 | B5: Assault Rifle | C5: 0.6922 | D5: 0.692 | E5: -0.0002 | F5: -0.00028893383 | G5: 49.1 | H5: 64.9 | I5: 15.8 | J5: 0.32179226 | K5: Yes
A6: SG 553R | B6: Carbine | C6: 0.6671 | D6: 0.6823 | E6: 0.0152 | F6: 0.02278519 | G6: 33.8 | H6: 43.3 | I6: 9.5 | J6: 0.28106509 | K6: Yes
A7: M123K | B7: LMG | C7: 0.5071 | D7: 0.5189 | E7: 0.0118 | F7: 0.023269572 | G7: 49 | H7: 55.9 | I7: 6.9 | J7: 0.14081633 | K7: Yes
A8: CZ3A1 | B8: SMG | C8: 0.5502 | D8: 0.5877 | E8: 0.0375 | F8: 0.068157034 | G8: 52.6 | H8: 59.1 | I8: 6.5 | J8: 0.12357414 | K8: Yes
A9: SCW-10 | B9: SMG | C9: 0.6217 | D9: 0.6337 | E9: 0.012 | F9: 0.019301914 | G9: 28.6 | H9: 35 | I9: 6.4 | J9: 0.22377622 | K9: Yes
A10: M4A1 | B10: Carbine | C10: 0.7131 | D10: 0.7188 | E10: 0.0057 | F10: 0.0079932688 | G10: 31.9 | H10: 37.9 | I10: 6 | J10: 0.18808777 | K10: Yes
A11: M433 | B11: Assault Rifle | C11: 0.6413 | D11: 0.6583 | E11: 0.017 | F11: 0.026508654 | G11: 45.1 | H11: 50.9 | I11: 5.8 | J11: 0.1286031 | K11: Yes
A12: M250 | B12: LMG | C12: 0.63 | D12: 0.6136 | E12: -0.0164 | F12: -0.026031746 | G12: 35.2 | H12: 39.7 | I12: 4.5 | J12: 0.12784091
A13: KV9 | B13: SMG | C13: 0.4262 | D13: 0.4613 | E13: 0.0351 | F13: 0.082355702 | G13: 53.8 | H13: 57.6 | I13: 3.8 | J13: 0.07063197 | K13: Yes
A14: GRT-BC | B14: Carbine | C14: 0.6727 | D14: 0.6784 | E14: 0.0057 | F14: 0.0084733165 | G14: 27.9 | H14: 31.2 | I14: 3.3 | J14: 0.11827957 | K14: Yes
A15: SGX | B15: SMG | C15: 0.4721 | D15: 0.4989 | E15: 0.0268 | F15: 0.056767634 | G15: 36.7 | H15: 39.8 | I15: 3.1 | J15: 0.084468665 | K15: Yes
A16: PW5A3 | B16: SMG | C16: 0.4503 | D16: 0.4673 | E16: 0.017 | F16: 0.037752609 | G16: 31.4 | H16: 33.2 | I16: 1.8 | J16: 0.057324841 | K16: Yes
A17: SOR-556 MK2 | B17: Assault Rifle | C17: 0.5108 | D17: 0.5002 | E17: -0.0106 | F17: -0.020751762 | G17: 19 | H17: 17.3 | I17: -1.7 | J17: -0.089473684
A18: NVO-228E | B18: Assault Rifle | C18: 0.6176 | D18: 0.6234 | E18: 0.0058 | F18: 0.0093911917 | G18: 35.3 | H18: 36.8 | I18: 1.5 | J18: 0.042492918
A19: DRS-IAR | B19: LMG | C19: 0.5788 | D19: 0.5849 | E19: 0.0061 | F19: 0.010539046 | G19: 33.8 | H19: 35.2 | I19: 1.4 | J19: 0.041420118
A20: M240L | B20: LMG | C20: 0.6556 | D20: 0.6778 | E20: 0.0222 | F20: 0.033862111 | G20: 40.5 | H20: 41.8 | I20: 1.3 | J20: 0.032098765
A21: QBZ-192 | B21: Carbine | C21: 0.638 | D21: 0.6451 | E21: 0.0071 | F21: 0.011128527 | G21: 22.5 | H21: 23.5 | I21: 1 | J21: 0.044444444
A22: M121 A2 | B22: LMG | C22: 0.6398 | D22: 0.6794 | E22: 0.0396 | F22: 0.061894342 | G22: 38.6 | H22: 39.5 | I22: 0.9 | J22: 0.023316062 | K22: Yes
A23: M417 A2 | B23: Carbine | C23: 0.7818 | D23: 0.7884 | E23: 0.0066 | F23: 0.0084420568 | G23: 19 | H23: 19.8 | I23: 0.8 | J23: 0.042105263
A24: KORD 6P67 | B24: Assault Rifle | C24: 0.4414 | D24: 0.4588 | E24: 0.0174 | F24: 0.039420027 | G24: 35.9 | H24: 35.3 | I24: -0.6 | J24: -0.016713092
A25: B36A4 | B25: Assault Rifle | C25: 0.5803 | D25: 0.5803 | E25: 0 | F25: 0 | G25: 37.4 | H25: 37.4 | I25: 0 | J25: 0
A26: AK4D | B26: Assault Rifle | C26: 0.6991 | D26: 0.6991 | E26: 0 | F26: 0 | G26: 25.4 | H26: 25.4 | I26: 0 | J26: 0
A27: TR7 | B27: Assault Rifle | C27: 0.9213 | D27: 0.9963 | E27: 0.075 | F27: 0.081406708 | G27: 47.1 | H27: 47.1 | I27: 0 | J27: 0 | K27: Yes
A28: L85A3 | B28: Assault Rifle | C28: 0.5489 | D28: 0.5489 | E28: 0 | F28: 0 | G28: 29.4 | H28: 29.4 | I28: 0 | J28: 0
A29: M277 | B29: Carbine | C29: 0.8097 | D29: 0.8097 | E29: 0 | F29: 0 | G29: 39.4 | H29: 39.4 | I29: 0 | J29: 0
A30: AK-205 | B30: Carbine | C30: 0.4104 | D30: 0.4104 | E30: 0 | F30: 0 | G30: 7.8 | H30: 7.8 | I30: 0 | J30: 0
A31: SOR-300SC | B31: Carbine | C31: 0.5989 | D31: 0.6197 | E31: 0.0208 | F31: 0.034730339 | G31: 19.2 | H31: 19.2 | I31: 0 | J31: 0
A32: PW7A2 | B32: SMG | C32: 0.4289 | D32: 0.4289 | E32: 0 | F32: 0 | G32: 33.3 | H32: 33.3 | I32: 0 | J32: 0
A33: UMG-40 | B33: SMG | C33: 0.4891 | D33: 0.4891 | E33: 0 | F33: 0 | G33: 17.4 | H33: 17.4 | I33: 0 | J33: 0
A34: USG-90 | B34: SMG | C34: 0.4566 | D34: 0.4566 | E34: 0 | F34: 0 | G34: 42.8 | H34: 42.8 | I34: 0 | J34: 0
A35: SL9 | B35: SMG | C35: 0.4259 | D35: 0.4259 | E35: 0 | F35: 0 | G35: 16.2 | H35: 16.2 | I35: 0 | J35: 0
A36: L110 | B36: LMG | C36: 0.4634 | D36: 0.4634 | E36: 0 | F36: 0 | G36: 39.4 | H36: 39.4 | I36: 0 | J36: 0
A37: M/60 | B37: LMG | C37: 0.6002 | D37: 0.6002 | E37: 0 | F37: 0 | G37: 38.8 | H37: 38.8 | I37: 0 | J37: 0
A38: RPKM | B38: LMG | C38: 0.5382 | D38: 0.5382 | E38: 0 | F38: 0 | G38: 22.7 | H38: 22.7 | I38: 0 | J38: 0
A39: KTS100 MK8 | B39: LMG | C39: 0.4191 | D39: 0.4191 | E39: 0 | F39: 0 | G39: 10.9 | H39: 10.9 | I39: 0 | J39: 0
... A59: VZ. 61 | B59: Sidearm | C59: 0.4285 | D59: 0.4285 | E59: 0 | F59: 0 | G59: 20.8 | H59: 20.8 | I59: 0 | J59: 0
