Workbook

Sheet Overview
A1: BF6 Weapon Analyzer - Test Suite
A2: Run with: node --test (Node discovers scripts/*.test.mjs; do not pass the directory)
A3: Generated from scripts/*.test.mjs. Counts below are formulas over the category sheets, so they update if a sheet is edited. Prose source of truth: docs/TESTS.md.
A4: Assertions counts assert.* calls inside test() blocks. It reads 0 for the two assert-style scripts (ballistics, target), which have no test() blocks, and undercounts helper-based assertions such as assertParses() in runtime-syntax.
A5: Category | B5: Sheet | C5: Test files | D5: Named tests | E5: Assertions | F5: Failing | G5: Purpose | H5: Notes
A6: Capture Reconciliation | B6: 1. Capture Reconciliation | C6: =SUMPRODUCT(--('1. Capture Reconciliation'!$A$2:$A$40<>""),--('1. Capture Reconciliation'!$A$2:$A$40<>'1. Capture Reconciliation'!$A$1:$A$39)) | D6: =COUNTA('1. Capture Reconciliation'!$B$2:$B$40) | E6: =SUM('1. Capture Reconciliation'!$C$2:$C$40) | F6: =COUNTIF('1. Capture Reconciliation'!$F$2:$F$40,"FAILS BY DESIGN") | G6: Replays the screenshot corpus against the live catalogs. | H6: Ground truth is migration/1.3.3.0/attachment-audit/ - 62 weapons, 3,189 records, 3,127 with transcribed stats. Subtype is identity: magazines, barrels and ammo join on attachmentSubtype, never attachmentName, because 40 distinct in-game names map to the single 'basic' barrel.
A7: Enumeration Baselines | B7: 2. Enumeration Baselines | C7: =SUMPRODUCT(--('2. Enumeration Baselines'!$A$2:$A$40<>""),--('2. Enumeration Baselines'!$A$2:$A$40<>'2. Enumeration Baselines'!$A$1:$A$39)) | D7: =COUNTA('2. Enumeration Baselines'!$B$2:$B$40) | E7: =SUM('2. Enumeration Baselines'!$C$2:$C$40) | F7: =COUNTIF('2. Enumeration Baselines'!$F$2:$F$40,"FAILS BY DESIGN") | G7: Hashes every reachable loadout and compares against a committed baseline. | H7: The blast-radius detector. Adding a weapon changes all of these - that is the system working. Re-pin roster counts as part of the change and read the diff to confirm only the new weapon's cases appeared. Regenerate with node scripts/reload-phase3.test.mjs --write-baseline; never hand-edit a baseline.
A8: Ballistics and Damage | B8: 3. Ballistics and Damage | C8: =SUMPRODUCT(--('3. Ballistics and Damage'!$A$2:$A$40<>""),--('3. Ballistics and Damage'!$A$2:$A$40<>'3. Ballistics and Damage'!$A$1:$A$39)) | D8: =COUNTA('3. Ballistics and Damage'!$B$2:$B$40) | E8: =SUM('3. Ballistics and Damage'!$C$2:$C$40) | F8: =COUNTIF('3. Ballistics and Damage'!$F$2:$F$40,"FAILS BY DESIGN") | G8: The genuinely computational tests. | H8: The only conventional unit tests in the suite. Everything else checks that a number matches reality; these check that the arithmetic is right.
A9: Data Integrity | B9: 4. Data Integrity | C9: =SUMPRODUCT(--('4. Data Integrity'!$A$2:$A$40<>""),--('4. Data Integrity'!$A$2:$A$40<>'4. Data Integrity'!$A$1:$A$39)) | D9: =COUNTA('4. Data Integrity'!$B$2:$B$40) | E9: =SUM('4. Data Integrity'!$C$2:$C$40) | F9: =COUNTIF('4. Data Integrity'!$F$2:$F$40,"FAILS BY DESIGN") | G9: Every value is attributable and every estimate is marked. | H9: Provenance, source tags and estimated-vs-measured markers, so nothing silently becomes fact. sym-import needs a full clone: it resolves a pinned baseline commit and a shallow clone fails it.
A10: Feature Behaviour | B10: 5. Feature Behaviour | C10: =SUMPRODUCT(--('5. Feature Behaviour'!$A$2:$A$40<>""),--('5. Feature Behaviour'!$A$2:$A$40<>'5. Feature Behaviour'!$A$1:$A$39)) | D10: =COUNTA('5. Feature Behaviour'!$B$2:$B$40) | E10: =SUM('5. Feature Behaviour'!$C$2:$C$40) | F10: =COUNTIF('5. Feature Behaviour'!$F$2:$F$40,"FAILS BY DESIGN") | G10: Specific mechanics, end to end from data to UI. | H10: Both files deliberately assert the entrypoints pass the right tables in. The classic failure is data that is correct and simply never read.
A11: Smoke | B11: 6. Smoke | C11: =SUMPRODUCT(--('6. Smoke'!$A$2:$A$40<>""),--('6. Smoke'!$A$2:$A$40<>'6. Smoke'!$A$1:$A$39)) | D11: =COUNTA('6. Smoke'!$B$2:$B$40) | E11: =SUM('6. Smoke'!$C$2:$C$40) | F11: =COUNTIF('6. Smoke'!$F$2:$F$40,"FAILS BY DESIGN") | G11: Everything parses. | H11: The site ships as static files with no build step, so a syntax error would otherwise only surface in a browser.
A12: TOTAL | C12: =SUM(C6:C11) | D12: =SUM(D6:D11) | E12: =SUM(E6:E11) | F12: =SUM(F6:F11)
A14: Why the suite is shaped this way
A15: Almost nothing here is a conventional unit test. The risk is not that the arithmetic breaks - it is that a NUMBER IS WRONG, and a wrong number looks exactly like a right one.
A16: 1. Does the model reproduce what the game displays? Screenshots of every attachment on every weapon are transcribed into a corpus and replayed through the resolver.
A17: 2. Did a data edit change more than intended? Full-enumeration baselines hash every weapon x magazine x grip x ergonomic x ammo case.
A18: 3. Is every value attributable? Provenance, source tags and estimated-vs-measured markers are asserted, so nothing silently becomes fact.
A19: A red test usually means a number disagrees with reality, not that a function threw.
A21: KNOWN FAILURE - do not re-investigate
A22: grip-pod-reconciliation.test.mjs -> 'standard Grip Pods are direct-paired tier 2 cards'
A23: QD Grip Pod is bugged on the VSSM. QD and Alloy Vertical are both tier 2 cards, so on any weapon they must display the same recoil - and everywhere else they do:
A25: Weapon | B25: None | C25: Alloy Vertical | D25: QD Grip Pod | E25: Tier 2 predicts
A26: BROD 3 | B26: 0.8 | C26: 0.7 | D26: 0.7 | E26: 0.7
A27: EF88 | B27: 0.7 | C27: 0.6 | D27: 0.6 | E27: 0.6
A28: M16A4 | B28: 0.7 | C28: 0.6 | D28: 0.6 | E28: 0.6
A29: RPK-74M | B29: 0.5 | C29: 0.4 | D29: 0.4 | E29: 0.4
A30: VSSM | B30: 0.8 | C30: 0.8 | D30: 0.7 | E30: 0.8
A32: The VSSM is the only weapon where two tier 2 cards disagree with each other: it hands out a tier 3 recoil benefit at tier 2 cost.
A33: Datamined changelist 28877515 lists tier 3 for BROD 3, EF88, M16A3, RPK-74M and VSSM, but the captures show it only manifests on the VSSM.
A34: The catalog keeps the intended tier 2 card, so this row cannot pass. It will go green on its own if EA fixes the grip.
A35: Policy: attachments are modelled as they are SUPPOSED to work. No weapon-specific branch is added to accommodate a bug.
A38: Conventions
A39: Pinned constants are contracts, not conveniences. A literal like weaponCount: 62 exists so that adding a weapon is a decision someone makes, not something that happens.
A40: Prefer re-pinning to loosening. Regenerate a baseline against reviewed data rather than widening an assertion until it passes.
A41: Registries carry reasons. Where a test excludes a case, the exclusion is named, dated and explained inline.
A42: Guards are themselves tested. Several drift detectors have companion tests that inject a synthetic finding and assert it is caught.
A43: A red suite nobody expects to be green stops being read. If a second long-lived failure appears, either fix it or document it to the same standard.

Sheet 1. Capture Reconciliation
A1: Test file | B1: Test | C1: Assertions | D1: What it asserts | E1: What it catches | F1: Status
A2: audit-phase0.test.mjs | B2: Phase 0 fixtures are complete, full-roster, and path-portable | C2: 14 | D2: Corpus size (3,189 records, 3,127 stat rows, 62 weapons, 31 subsonic treatments), bulk-recapture counts, and that sourceIdentity() treats absolute and repo-relative screenshot paths as the same file while rejecting paths outside Weapon Attachments/. No audit script contains a hard-coded C:\Users\royal path. | E2: A fixture silently shrinking; a machine-specific path committed; the corpus and its summary drifting apart. | F2: Pass
A3: audit-phase0.test.mjs | B3: sweep pins inventoried model-tier and name-effect warnings and rejects other warnings | C3: 33 | D3: Runs the full sweep and asserts the warning set EXACTLY equals the reviewed inventory - 0 model-tier, 15 name-effect, 4 name-effect-coverage - plus exact severity counts. | E3: Any new model/capture disagreement, and equally any inventoried one that quietly went away. Exact-set rather than 'zero warnings' is deliberate: every disagreement gets adjudicated once and recorded, instead of accumulating unread noise. | F3: Pass
A4: audit-phase0.test.mjs | B4: name-effect inventory rejects isolated new and disappearing reload-name findings | C4: 4 | D4: Injects a synthetic finding into a temp corpus copy and asserts drift reports it as unexpected, then deletes an inventoried one and asserts it reports as missing. | E4: The drift detector itself breaking. A guard that can no longer fail is worse than no guard. | F4: Pass
A5: audit-phase0.test.mjs | B5: cross-field consistency checks named capacity and every stat in duplicate identities | C5: 4 | D5: Pins the STATS list the sweep walks, then plants a magazine whose named capacity contradicts its value and a duplicate identity with divergent stats, asserting both are flagged. | E5: A '30Rnd' card carrying capacity 20; two captures of the same card disagreeing. | F5: Pass
A6: audit-phase0.test.mjs | B6: recoil amount uses hidden recoilV and the pinned float32 round-half-up display rule | C6: 4 | D6: Pins hiddenRecoilAmountBase() for DB-12 and the display rounding for DB-12, M87A1 and SVK-8.6 at tiers 3-5, then walks every capture confirming each sits on its weapon's recoil ladder. | E6: Rounding drift, and any recoil reading that cannot be explained by an integer tier step. This is the rule the VSSM grip analysis depended on. | F6: Pass
A7: audit-phase0.test.mjs | B7: scalar reload characterization covers all weapons, magazine/ergonomic combinations, and overrides | C7: 12 | D7: 59 weapons use scalar reload, the three tube-fed shotguns are exactly DB-12/M1014/M87A1, and every captured reload row matches a registered scalar combination. | E7: A reload value that no tier/multiplier combination can produce - i.e. a transcription or model error. | F7: Pass
A8: audit-phase0.test.mjs | B8: barrel velocity and every current ADS, sprint-recovery, and ADS-move table output stay in-table | C8: 7 | D8: Every captured ADS time, sprint recovery and ADS-move multiplier is a value present in its balance ladder, with zero registered overrides. | E8: An off-ladder value, meaning either a bad read or a ladder missing a rung. | F8: Pass
A9: audit-phase0.test.mjs | B9: impossible-zero gates are explicit for damage, sprint recovery, and ADS move | C9: 2 | D9: No capture carries 0 for those fields, and the sweep emits no zero-read finding. | E9: OCR returning 0 for an unreadable field - a sentinel that would otherwise look like real data. | F9: Pass
A10: audit-phase0.test.mjs | B10: attachment catalogs cover every weapon with explicit ergonomics-free exemptions | C10: 4 | D10: Every weapon has WEAPON_ATTS, WEAPON_ERGO and WEAPON_MAG entries except a named exemption list (M123K, M250, M121 A2, SVK-8.6, Mini Scout, M87A1, M1014, DB-12), and each exempted weapon is confirmed to have no ergonomics captures. | E10: A weapon added to weapons.json without its catalog entries; an exemption that stopped being true. | F10: Pass
A11: audit-phase0.test.mjs | B11: default CLI checks are read-only, work outside the repository cwd, and fail on missing fixtures | C11: 5 | D11: Runs the audit scripts from a different cwd and asserts exit 0, no 'wrote' output, unchanged file mtimes, and that a missing fixture root throws. | E11: An analysis script mutating tracked data as a side effect. | F11: Pass
A12: audit-phase0.test.mjs | B12: field-slot asymmetry inventory rejects isolated new and disappearing keys | C12: 6 | D12: The same injection/removal probe as the name-effect guard, for the field-slot inventory. Includes a VSSM barrel row. | E12: The field-slot drift detector silently failing open. | F12: Pass
A13: grip-pod-reconciliation.test.mjs | B13: sniper grip receipts retain captured costs, identities, and screenshot paths | C13: 7 | D13: 35 rows = 5 snipers x 7 grip cards, each appearing exactly once, with pinned per-card costs and matching screenshot filenames. | E13: A lost or duplicated capture; a renamed screenshot breaking traceability. | F13: Pass
... A25: attachment-screenshot-taxonomy.test.mjs | B25: new ammo and VSSM subtype fallbacks remain distinct | C25: 12 | D25: OCR fallbacks resolve SUBSONIC to Subsonic, SUB. HP to Sub HP, SUB. PEN. to Sub Pen, RANGE PEN. to Range Pen, and a VSSM 'Factory Suppressor' barrel to subtype Suppressed. | E25: Two distinct ammo subtypes collapsing into one - the bug that once hid #00 BUCK behind a Standard default. | F25: Pass
A27: Category note | B27: Ground truth is migration/1.3.3.0/attachment-audit/ - 62 weapons, 3,189 records, 3,127 with transcribed stats. Subtype is identity: magazines, barrels and ammo join on attachmentSubtype, never attachmentName, because 40 distinct in-game names map to the single 'basic' barrel.

Sheet 2. Enumeration Baselines
A1: Test file | B1: Test | C1: Assertions | D1: What it asserts | E1: What it catches | F1: Status
A2: reload-phase3.test.mjs | B2: Phase 3 reload baseline pins the complete 87,834-case live-roster enumeration | C2: 18 | D2: Enumerates 62 weapons x 283 magazine entries x grips x ergonomics x ammo and asserts scope, counts, SHA-256 digest, and that the only weapons whose cases changed since the pre-migration snapshot are brod3, ef88 and vssm. | E2: Any reload-affecting edit rippling beyond its intended weapon. | F2: Pass
A3: reload-phase3.test.mjs | B3: Phase 6 reload baseline is entirely authoritative derived output | C3: 7 | D3: Every case carries a recognised reason, derived cases exist, and overrideApplied is true exactly when reloadSpeedTier is null. | E3: An override applied without being recorded, or a case falling through to a legacy path. | F3: Pass
A4: reload-phase3.test.mjs | B4: Phase 6 deletes the legacy reload representation and retains the derived schema | C4: 11 | D4: The bug-exception schema shape, reload-exceptions.json counts, and that every magazine carries either reloadSpeedTier or tacRldOverrideMs. | E4: A magazine added with neither field, which would silently inherit the wrong reload. | F4: Pass
A5: reload-phase4.test.mjs | B5: Phase 6 validator rejects malformed or reintroduced legacy reload shapes in an isolated data copy | C5: 7 | D5: 22 mutations against a temp copy - negative tiers, non-integers, reintroduced legacy fields - each rejected with its specific message. | E5: The validator failing open. Deliberately runs on a copy so a bug cannot corrupt tracked data. | F5: Pass
A6: barrel-velocity-phase7.test.mjs | B6: Phase 7 data has all exact velocity tiers and retains velMult | C6: 5 | D6: VELOCITY_LADDER is 0.8, the barrel id set matches exactly (including vssm_suppressed and vssm_suppressed_asm at tier 0), and every barrel's velMult equals 0.8^(-velTierMod). | E6: A barrel added without a velocity tier, or the two fields disagreeing. | F6: Pass
A7: barrel-velocity-phase7.test.mjs | B7: Phase 7 velocity dual-read prefers velTierMod and falls back to velMult | C7: 6 | D7: Branch selection across present, absent and null combinations. | E7: The migration's fallback path breaking for un-migrated data. | F7: Pass
A8: barrel-velocity-phase7.test.mjs | B8: Phase 7 derived and legacy barrel velocity are bit-identical for every selectable live barrel | C8: 1 | D8: Every weapon x barrel pair produces identical velocity down to the bit under both paths. | E8: A migration that changes a displayed number. | F8: Pass
A9: barrel-velocity-phase7.test.mjs | B9: Phase 7 velocity flooring has a guarded floating-point edge | C9: 3 | D9: floorVelocityDisplay(613.9999999999999) is 614 but floorVelocityDisplay(837.5) is 837. | E9: Two opposite failures in one test: a naive floor turning 614 m/s into 613, or an over-eager epsilon rounding a genuine fractional value up. | F9: Pass
A10: barrel-velocity-phase7.test.mjs | B10: Phase 7 extends the Phase 5 witness comparison with an explicit legacy velocity path | C10: 8 | D10: 101,812 cases compared, zero mismatches, 23 historical display-difference pairs all explained by 25 corpus records. | E10: An unexplained divergence between derived and legacy velocity. | F10: Pass
A12: Category note | B12: The blast-radius detector. Adding a weapon changes all of these - that is the system working. Re-pin roster counts as part of the change and read the diff to confirm only the new weapon's cases appeared. Regenerate with node scripts/reload-phase3.test.mjs --write-baseline; never hand-edit a baseline.

Sheet 3. Ballistics and Damage
A1: Test file | B1: Test | C1: Assertions | D1: What it asserts | E1: What it catches | F1: Status
A2: damage.test.mjs | B2: resolves automatic headshot ammo tiers and limb multiplier | C2: 3 | D2: Standard, hollow-point and synthetic head multipliers for automatic weapons (1.4 / 1.57 / 1.8). | E2: An ammo head multiplier drifting from its balance table. | F2: Pass
A3: damage.test.mjs | B3: preserves DMR headshot behavior and shotgun/sidearm limb exceptions | C3: 3 | D3: DMR hollow-point is 1.75, and shotguns and sidearms take no limb reduction. | E3: Applying the automatic ammo table to a class that uses its own. | F3: Pass
A4: damage.test.mjs | B4: calculates pure chest and limb BTK for the adjusted damage families | C4: 5 | D4: BTK across damage values and body multipliers - e.g. 26 damage is 4 to the chest but 5 to limbs. | E4: A rounding error at a bullet boundary - the most player-visible failure possible. | F4: Pass
A5: damage.test.mjs | B5: calculates mixed head/chest and head/limb sequences independently of hit order | C5: 3 | D5: The same hits in any order give the same BTK. | E5: Accumulation order affecting the result. | F5: Pass
A6: damage.test.mjs | B6: handles breakpoint lookup, exact lethal boundaries, and zone aliases | C6: 9 | D6: Damage at 19.99 / 20 / 20.01 m across a breakpoint, plus zone alias resolution. | E6: An off-by-one at the boundary - whether a breakpoint is inclusive of its own range. | F6: Pass
A7: damage.test.mjs | B7: interpolates linearly between distinct ranges and clamps outside the curve | C7: 8 | D7: Sniper curve interpolation and clamping past both ends. | E7: Extrapolation past the last breakpoint. | F7: Pass
A8: damage.test.mjs | B8: classifies every current site weapon according to the 1.3.3.0 hit-zone rules | C8: 3 | D8: Walks all 62 weapons asserting limb class, limb multiplier and head multiplier. | E8: A new weapon missing a LIMB_CLASS entry and silently defaulting. | F8: Pass
A9: damage.test.mjs | B9: derives sniper sweet spots from the curve and preserves the Mini Scout exception | C9: 11 | D9: Sweet spots are derived from the curve and never stored; at least four bolt-actions have a plateau; each ramps in and out; Mini Scout has none. | E9: Reintroducing a hand-maintained sweetSpot field that could contradict the curve. | F9: Pass
A10: damage.test.mjs | B10: every live damage breakpoint carries explicit source provenance | C10: 1 | D10: Every point's source is EA, Sym or in-game. | E10: A hand-typed damage number with no origin. | F10: Pass
A11: damage.test.mjs | B11: uses the refreshed Sym game-file damage tiers | C11: 9 | D11: Exact curves for M433, AK4D, NVO-228E, PW5A3, M39 EMR, LMR27 and SVK-8.6, plus every weapon being provisional and single-sourced (VSSM in-game, the rest Sym). | E11: A curve edited without going through the refresh. | F11: Pass
A12: damage.test.mjs | B12: steps every non-sniper class and reads the NVO-228E tiers at whole metres | C12: 14 | D12: Stepped, not interpolated, behaviour at exact metre boundaries. | E12: A non-sniper curve becoming interpolated, which would misreport damage between tiers. | F12: Pass
A13: ballistics.test.mjs | B13: (assert-style script, no named tests) | C13: 0 | D13: Flight time at 500 m for two drag coefficients against reference values within 1e-6, the solved trajectory intersecting its selected zero, a 100 m zero dropping again beyond zero, and null inputs returning null rather than a fallback. | E13: Drag model drift; a missing-input path inventing a plausible number. | F13: Pass
... A19: spread-bar-scale.test.mjs | B19: the scale is not stranded far above what the model can reach | C19: 1 | D19: The worst value is at least 95% of the scale. | E19: The opposite failure - every bar squashed into a sliver. | F19: Pass
A21: Category note | B21: The only conventional unit tests in the suite. Everything else checks that a number matches reality; these check that the arithmetic is right.

Sheet 4. Data Integrity
A1: Test file | B1: Test | C1: Assertions | D1: What it asserts | E1: What it catches | F1: Status
A2: sym-import.test.mjs | B2: loads and verifies the pinned 1.3.3.0 Sym inputs | C2: 5 | D2: Version, SHA-256 of the source, 59 weapons, 58 patch deltas, 1,038 changes. | E2: The source file being swapped or edited. | F2: Pass
A3: sym-import.test.mjs | B3: normalization and reconciliation are stable when source object order changes | C3: 8 | D3: Shuffling source key order produces identical normalized output, diff and reconciliation. | E3: Order-dependent output, which would make diffs untrustworthy. | F3: Pass
A4: sym-import.test.mjs | B4: fails loudly for a missing or unknown mapping | C4: 2 | D4: An unmapped weapon throws rather than being skipped. | E4: A weapon silently dropped from an import. | F4: Pass
A5: sym-import.test.mjs | B5: fails loudly for duplicate site IDs in the explicit map | C5: 1 | D5: A duplicate site id throws. | E5: Two weapons overwriting each other. | F5: Pass
A6: sym-import.test.mjs | B6: uses the exact effective recoil formula and keeps raw components | C6: 7 | D6: recoilV equals amount x amountMult^amountExp for M433 and PP-19, with raw components retained. | E6: Storing only the derived value. The derived number is what the game displays, the raw components are what attachment tiers operate on, and losing either makes the other unverifiable. | F6: Pass
A7: sym-import.test.mjs | B7: keeps damage and gravity/drag outside the live write candidate | C7: 6 | D7: Zero damage-curve and gravity/drag writes; each excluded field carries an explicit decision. | E7: The importer overwriting the separately-owned damage refresh. | F7: Pass
A8: sym-import.test.mjs | B8: uses an immutable resolved baseline provenance | C8: 4 | D8: The baseline resolves to a git commit SHA starting 2df4811. | E8: A moving baseline, which would make the diff meaningless. Also why this file needs a full clone. | F8: Pass
A9: sym-import.test.mjs | B9: keeps reload timing fields numeric-or-null and applies special reload policy | C9: 23 | D9: 59 weapons with finite positive reloadSpeed, and reload fields numeric or explicitly null. | E9: A shell-by-shell weapon getting a scalar reload it cannot have. | F9: Pass
A10: sym-import.test.mjs | B10: derives scalar reloads from ReloadSpeed and changes exactly the known 15 non-1.0 weapons | C10: 12 | D10: Exactly 15 weapons have a non-1.0 reload speed. | E10: A reload-speed change reaching more weapons than intended. | F10: Pass
A11: sym-import.test.mjs | B11: ReloadSpeed defaults only when absent and rejects invalid present values | C11: 2 | D11: Absent gives 1.0; present but zero, negative or non-numeric throws. | E11: A malformed value being coerced to a plausible default. | F11: Pass
A12: sym-import.test.mjs | B12: maps reload.ReloadSpeed to the live reloadSpeed target | C12: 4 | D12: Field mapping to the site schema. | E12: A renamed source field silently not landing. | F12: Pass
A13: sym-import.test.mjs | B13: preserves the separate M60 and M240L alternate-magazine derived timing contract | C13: 6 | D13: Two LMGs with irregular alternate-magazine timing keep their separate treatment. | E13: Collapsing a special case into the general path. | F13: Pass
... A29: pp19.test.mjs | B29: release validator rejects a 58-weapon fixture with PP-19 removed | C29: 2 | D29: Removing PP-19 makes the release validator exit non-zero with a specific message. | E29: The release gate failing open. | F29: Pass
A31: Category note | B31: Provenance, source tags and estimated-vs-measured markers, so nothing silently becomes fact. sym-import needs a full clone: it resolves a pinned baseline commit and a shallow clone fails it.

Sheet 5. Feature Behaviour
A1: Test file | B1: Test | C1: Assertions | D1: What it asserts | E1: What it catches | F1: Status
A2: subsonic-velocity-surface.test.mjs | B2: the live entrypoints hand WEAPON_AMMO to the attachment resolver | C2: 2 | D2: Every entrypoint's setAttachmentContext call includes WEAPON_AMMO. | E2: Correct data never reaching the resolver. | F2: Pass
A3: subsonic-velocity-surface.test.mjs | B3: the corpus still carries subsonic velocity treatments to assert against | C3: 1 | D3: At least 20 treated pairs survive. | E3: The evidence for the other tests disappearing, leaving them vacuously true. | F3: Pass
A4: subsonic-velocity-surface.test.mjs | B4: every subsonic load a weapon offers carries a velocity treatment | C4: 1 | D4: No subsonic ammo without a treatment. | E4: A subsonic load firing at full velocity. | F4: Pass
A5: subsonic-velocity-surface.test.mjs | B5: no velocity treatment is stranded on an ammo type the weapon cannot equip | C5: 1 | D5: The converse - no treatment without an equippable ammo type. | E5: Dead configuration accumulating. | F5: Pass
A6: subsonic-velocity-surface.test.mjs | B6: all three subsonic subtypes and all three treatment kinds stay exercised | C6: 2 | D6: Subsonic, Sub HP and Sub Pen, and absolute, tier and tungsten-absolute, all remain covered. | E6: A treatment kind losing its last user and quietly rotting. | F6: Pass
A7: subsonic-velocity-surface.test.mjs | B7: every treated ammo type resolves below its standard-load velocity | C7: 3 | D7: Each treated load resolves finite, lower than standard, and equal to the expected floored display. | E7: A treatment applied in the wrong direction. | F7: Pass
A8: subsonic-velocity-surface.test.mjs | B8: the reduced velocity reaches flight time and bullet drop | C8: 4 | D8: The reduced velocity propagates into the ballistics model - longer flight time, more drop. | E8: A velocity correct on the stat card but not in the trajectory. | F8: Pass
A9: frangible-health-regen.test.mjs | B9: the global baseline regeneration delay is 5s | C9: 1 | D9: HEALTH_REGEN_DELAY_S is 5. | E9: The baseline moving without the chip maths being rechecked. | F9: Pass
A10: frangible-health-regen.test.mjs | B10: frangible carries the 9s delay and is no longer flagged noEffect | C10: 2 | D10: Frangible's healthRegenDelayS is 9 and it has no noEffect flag. | E10: A real effect still marked as having none. | F10: Pass
A11: frangible-health-regen.test.mjs | B11: no other ammo type overrides the regeneration delay | C11: 1 | D11: Frangible is the only ammo with an override. | E11: The mechanic leaking onto other ammo. | F11: Pass
A12: frangible-health-regen.test.mjs | B12: every weapon offering frangible resolves 5s standard and 9s frangible | C12: 4 | D12: Resolved per weapon through applyAttachments, not just read from the table. | E12: A weapon offering frangible without the effect resolving. | F12: Pass
A13: frangible-health-regen.test.mjs | B13: non-frangible loads leave the delay at the baseline, emitting no chip | C13: 2 | D13: Every other ammo resolves 5s with a zero delta. | E13: A spurious UI chip on unaffected loads. | F13: Pass
... A15: frangible-health-regen.test.mjs | B15: the Attachment Effects panel renders the chip as a red -4s | C15: 3 | D15: Label, negated delta in seconds, and red colour. | E15: An effect that computes correctly but never appears to the player. | F15: Pass
A17: Category note | B17: Both files deliberately assert the entrypoints pass the right tables in. The classic failure is data that is correct and simply never read.

Sheet 6. Smoke
A1: Test file | B1: Test | C1: Assertions | D1: What it asserts | E1: What it catches | F1: Status
A2: runtime-syntax.test.mjs | B2: ui/app.js parses | C2: 0 | D2: The UI entrypoint parses as valid JavaScript. | E2: A syntax error shipping, since there is no build step to catch it. | F2: Pass
A3: runtime-syntax.test.mjs | B3: every sim module parses | C3: 1 | D3: Every module under sim/ parses, and at least one was found. | E3: The same, plus the check silently walking an empty directory. | F3: Pass
A5: Category note | B5: The site ships as static files with no build step, so a syntax error would otherwise only surface in a browser.
